company_name,city,state,website_url
7872 Inc.,Longview,TX,
Asana Integrated Medical Group Pc,Sioux Falls,TX,
"Bd Health, Inc.",Houston,TX,
Bharath G Raj,Kingwood,TX,
Atlantic Visiting Practice Pa,Jacksonville,FL,
Jody Amazon Pc,Snellville,GA,
Osh-Mi Physicians Group Pc,Greensboro,GA,
Psychiatric Services Of America,Lawrenceville,GA,
Smh Physician Services Inc,Sarasota,GA,
"East Carolina Psychiatric Consultants,Pllc",Goldsboro,NC,
Extended Care Physicians - Metrolina Pa,Asheville,NC,
"Extended Care Physicians - Mountain, Pa",Asheville,NC,
"Inpatient Consultants Of North Carolina, Pc",Charlotte,NC,
"Mission Medical Associates, Inc",Asheville,NC,
Elizabeth C. Grueneberger,Mount Pleasant,SC,
Erin Seery Llc,Stockbridge,SC,
Fort Mill Senior Wellness Llc,Rock Hill,SC,
Palmetto Specialty Long Term Care,Columbia,SC,
Solis Medical Group Ca Pc,Mt Pleasant,SC,
Threehorn Ltd. Co.,Walhalla,SC,
Braddock Center For Behavioral Medicine,Kittanning,PA,
"Choudhry B.M. And Associates, Llc",Pottsville,PA,
Fayette Specialty Associates,Uniontown,PA,
Medical Psychiatric Associates Of Delaware Valley,Philadelphia,PA,
Drs Rivera Inc,Cincinnati,OH,
"Geropsych Psychiatry, Ltd",Seven Hills,OH,
Healthy Minds For You Lpa,New Middletown,OH,
"Hni Psych Services Of Florida, Llc",Fort Myers,OH,
Baddigam Family Psychiatric Associates Pllc,Clinton Township,MI,
"Bcs Of Illinois, S.C.",Westchester,MI,
"Commerce Township Psychiatry,Pllc",Commerce Township,MI,
Geropsych Group Llc,Bingham Farms,MI,
"Health Hub, Llc",Downers Grove,IL,
"Amg-Hillside, Llc",Pulaski,TN,
"Geriatric Essentials, Pc",Mayfield,TN,
Medditelecare Of Tennessee Pllc,Nashville,TN,
New Perspectives Psychiatry Pllc,Memphis,TN,
Senior Health Consultants Inc,Knoxville,TN,
Southern Psychiatric Services,Oneida,TN,
Ascension Medical Llc,Scottsdale,AZ,
Caritas Health Associates Llc,Grand Junction,AZ,
Geropsychmd Llc,Phoenix,AZ,
Crossroad Clinics Plc,Reston,VA,
Dc Psychiatry Llc,Reston,VA,
Legacy Health Management Solutions,Richmond,VA,
Premier Psychiatry Inc,Fairfax,VA,
Collective Co Llc,Glendale,CO,
Cr Dygert & Co,Aurora,CO,
"Geropsych, Pc",Pueblo,CO,
Peak Healthcare Llc,Littleton,CO,
"Indiana Geriatric Associates, P.C.",Carmel,IN,
"Professional Development Associates, Llc",Carmel,IN,
S4 Specialty Consultants Llc,Indianapolis,IN,
South Central General And Geriatric Psychiatry Pc,Indianapolis,IN,
Ten Broeck Tennessee Physicians Group Inc,Dennison,IN,
